latitude,longitude,timestamp
-28.534247,-57.399063,2026-09-06T12:42:10
-28.706902,-57.392144,2025-09-22T19:10
-28.768599,-57.395583,2025-02-19T09:03:43
-28.235445,-56.856486,2026-07-08T12:29
-27.916322,-56.9941,2026-07-08T09:46
-28.084598,-56.708277,2026-07-08T17:08
-28.565837,-57.628037,2024-10-30T08:20
-27.973452,-56.970298,2026-07-08T09:42
-28.352423,-56.908243,2026-07-08T12:31:20
-28.787209,-57.829106,2023-10-02T05:39:02
-28.41246,-57.212615,2023-07-03T14:34
-28.455244,-57.399895,2026-05-03T13:43
-28.506049,-57.262577,2026-05-03T13:43
-28.201404,-57.281244,2025-08-06T12:30
-28.544371,-57.26381,2026-02-04T06:40
-28.606841,-57.414624,2026-02-03T16:34
-28.784182,-57.534075,2026-02-03T16:45
-28.721448,-57.509264,2026-02-02T18:59
-29.108292,-57.131781,2025-12-29T14:13
-29.188831,-57.185931,2025-12-29T14:17
-27.805437,-57.367873,2025-11-25T18:11
-27.916169,-57.340079,2026-01-20T10:28
-28.019322,-57.401642,2026-01-17T12:26
-28.535165,-57.250939,2026-01-28T11:41:51
-28.289364,-57.350089,2024-11-08T19:17
-28.351631,-57.282359,2024-11-11T10:48
-28.636395,-57.226334,2025-10-31T16:11
-28.63474,-57.503262,2025-10-31T14:11
-28.442154,-56.174617,2025-07-18T08:11
-28.74453,-57.519539,2025-10-31T14:02
-28.668683,-57.599716,2025-11-16T22:18
-28.570687,-57.093558,2023-07-24T11:13
-26.362734,-58.912023,2025-10-13T17:01
-27.887165,-56.962551,2025-10-11T10:12:27
-28.496009,-57.612841,2025-10-15T07:52:40
-28.621718,-57.241761,2025-09-30T17:56
-28.369322,-57.233657,2025-06-28T11:04
-28.490994,-57.152377,2025-09-26T11:33
-28.527014,-57.328588,2025-09-29T08:44
-28.905977,-57.434497,2025-09-21T16:21
-27.857103,-56.904404,2024-10-12
-26.247334,-58.836,2021-05-08
-28.552216,-58.341904,2024-09-24
-28.428907,-57.816998,2021-10-27
-28.061823,-57.449947,2023-10-16
-28.734844,-57.48882,2024-07-17
-28.422123,-57.69653,2024-06-27
-28.593222,-57.247486,2022-11-22
-28.556911,-57.208385,2024-11-18
-28.551895,-57.21217,2024-02-12
-27.823591,-56.84794,2022-08-24
-28.691217,-57.48021,2024-02-08
-28.689905,-57.435925,2024-02-08
-28.704573,-57.454464,2023-04-01
-28.909414,-57.241352,2020-08-23
-27.857103,-56.904404,2024-09-23
-27.857103,-56.904404,2024-10-05
-28.3959,-56.135876,2023-07-17
-28.029924,-57.471226,2023-11-24
-27.710318,-57.187614,2023-10-24
-28.546259,-57.19598,2020-11-03
-27.882156,-57.34387,2024-09-14
-27.882156,-57.34387,2024-10-11
-28.557098,-57.208458,2022-08-27
-28.12793,-57.434677,2021-07-23
-28.664352,-57.344425,2024-02-10
-28.731976,-57.485035,2024-09-17
-27.857103,-56.904404,2023-04-22
-27.85795,-56.90897,2024-03-24
-26.247334,-58.836,2020-08-20
-28.619759,-57.29491,2024-10-21
-27.882156,-57.34387,2024-10-04
-27.857103,-56.904404,2022-08-24
-28.53552,-57.174225,2021-11-30
-27.857103,-56.904404,2022-12-09
-26.247334,-58.836,2023-09-25
-28.683321,-57.563236,2021-10-07
-28.996347,-57.1693,2023-10-15
-27.710318,-57.187614,2023-10-25
-28.12793,-57.434677,2021-05-03
-28.593222,-57.247486,2022-03-23
-27.857103,-56.904404,2021-10-10
-27.634132,-56.89765,2024-11-17
-27.874363,-57.39348,2024-10-06
-28.593222,-57.247486,2024-02-13
-28.12793,-57.434677,2024-10-12
-28.10713,-57.43496,2024-01-02
-28.068316,-57.448982,2021-02-06
-27.857103,-56.904404,2022-12-08
-28.546345,-57.09226,2024-01-13
-28.546227,-57.19594,2024-05-28
-28.12793,-57.434677,2024-12-04
-27.874743,-57.39498,2024-10-05
-28.53802,-57.182106,2021-02-28
-28.593222,-57.247486,2024-12-22
-28.53552,-57.174225,2023-04-02
-27.772387,-57.276466,2021-09-04
-28.42533,-56.360077,2024-11-20
-28.593222,-57.247486,2021-09-17
-28.593222,-57.247486,2020-01-18
-28.669134,-57.368702,2024-12-07
-28.553312,-57.204247,2024-10-18
-28.6553,-57.42455,2024-02-12
-27.412691,-55.617783,2023-05-17
-28.618715,-57.274754,2024-11-08
-28.698427,-57.447987,2024-11-07
-28.901205,-57.61508,2021-11-22
-28.840387,-57.568832,2024-11-08
-28.53552,-57.174225,2021-04-06
-27.857103,-56.904404,2024-03-30
-27.710318,-57.187614,2023-10-21
-28.593222,-57.247486,2023-08-23
-26.707054,-58.337944,2020-06-06
-28.688211,-57.415607,2024-01-01
-27.823591,-56.84794,2024-10-04
-27.863237,-56.91249,2024-10-04
-28.556845,-57.2093,2022-07-27
-27.846703,-56.88528,2024-10-03
-28.560495,-57.21179,2024-10-23
-28.428907,-57.816998,2024-10-20
-28.593222,-57.247486,2024-10-29
-28.689283,-57.42886,2024-11-07
-27.857103,-56.904404,2023-11-19
-28.950144,-57.652546,2024-12-13
-28.68922,-57.428486,2024-01-01
-27.857056,-56.904343,2023-09-16
-25.886517,-58.084293,2024-08-17
-28.842897,-57.274567,2022-04-17
-27.857103,-56.904404,2024-10-03
-28.662712,-57.330345,2024-12-06
-28.593222,-57.247486,2024-02-15
-27.710318,-57.187614,2020-02-26
-28.53552,-57.174225,2022-08-27
-28.616077,-57.2719,2024-10-30
-27.863237,-56.91249,2024-10-06
-25.953548,-58.061863,2024-09-01
-28.669659,-57.36933,2024-02-22
-27.857103,-56.904404,2020-07-29
-28.55569,-57.209473,2022-05-07
-28.686338,-57.396435,2024-02-15
-28.683321,-57.563236,2023-10-29
-28.428907,-57.816998,2021-10-11
-29.357203,-57.413918,2024-05-30
-28.651636,-57.308968,2022-09-22
-28.98532,-57.699165,2021-09-26
-27.857103,-56.904404,2024-10-08
-28.436174,-57.696095,2024-10-12
-28.401043,-57.858692,2021-07-20
-28.422455,-57.694695,2024-10-29
-28.909414,-57.241352,2021-01-21
-28.556911,-57.208385,2024-11-17
-28.12793,-57.434677,2023-10-19
-28.593222,-57.247486,2024-10-31
-28.663877,-57.34261,2023-04-04
-28.597748,-57.25239,2024-11-08
-27.868212,-57.370285,2023-09-15
-28.731976,-57.485035,2024-09-30
-28.12793,-57.434677,2023-10-12
-28.097519,-57.43269,2024-10-06
-28.53552,-57.174225,2021-07-03
-28.679523,-57.384937,2024-12-07
-28.63651,-57.294033,2023-05-13
-28.593222,-57.247486,2024-09-21
-28.12793,-57.434677,2023-12-01
-28.12793,-57.434677,2023-10-15
-28.69569,-57.445087,2024-08-04
-28.53552,-57.174225,2020-10-17
-28.12793,-57.434677,2024-10-04
-28.721804,-57.473644,2024-12-04
-28.653467,-57.31184,2024-10-31
-28.547491,-57.197464,2024-03-18
-28.53552,-57.174225,2021-08-12
-28.74,-57.6925,2022-02-03
-25.905893,-58.07787,2024-12-26
-28.665854,-57.361988,2024-12-21
-28.593222,-57.247486,2021-09-23
-27.674055,-57.062878,2024-08-31
-28.546227,-57.19594,2022-03-02
-28.53552,-57.174225,2024-11-13
-28.726864,-57.47975,2024-12-07
-28.551931,-57.212048,2024-03-26
-27.861574,-56.92863,2024-05-26
-27.677647,-57.07594,2024-07-23
-27.857103,-56.904404,2024-10-25
-28.128567,-57.43455,2021-02-06
-28.593222,-57.247486,2024-02-09
-28.570423,-57.22237,2023-01-11
-28.12793,-57.434677,2023-11-27
-28.307222,-57.454906,2024-09-10
-28.686338,-57.396435,2024-12-06
-28.022604,-56.294273,2024-11-08
-28.210651,-56.822315,2021-12-01
-28.63651,-57.294033,2020-10-23
-28.428907,-57.816998,2024-01-07
-25.906113,-58.077724,2024-10-12
-28.593222,-57.247486,2024-07-22
-27.857103,-56.904404,2024-10-04
-28.68932,-57.42943,2024-12-21
-28.567514,-57.219784,2023-01-11
-28.970524,-57.674675,2024-10-11
-27.882156,-57.34387,2024-10-27
-28.89029,-57.60696,2024-03-30
-27.710318,-57.187614,2023-10-26
-28.551762,-57.212444,2024-09-06
-28.53552,-57.174225,2024-09-30
-28.428907,-57.816998,2021-10-10
-27.85795,-56.90897,2024-11-30
-28.392403,-56.172806,2024-12-04
-28.18484,-57.4424,2024-12-03
-29.160542,-57.102566,2024-10-01
-26.70884,-58.53817,2022-04-15
-28.555908,-57.209297,2024-11-19
-28.623487,-57.27986,2024-11-08
-28.98532,-57.699165,2024-07-26
-28.428907,-57.816998,2021-07-25
-27.857103,-56.904404,2024-12-31
-28.12793,-57.434677,2023-12-09
-28.617968,-57.27405,2024-02-10
-28.53552,-57.174225,2020-09-23
-28.593222,-57.247486,2024-12-21
-28.53552,-57.174225,2023-07-27
-27.857103,-56.904404,2023-04-23
-28.593222,-57.247486,2024-09-08
-28.593222,-57.247486,2022-07-17
-28.593222,-57.247486,2023-08-25
-28.12793,-57.434677,2024-11-13
-28.593222,-57.247486,2021-02-23
-28.546593,-57.196182,2022-04-16
-28.795204,-57.311024,2020-10-23
-27.857103,-56.904404,2024-03-24
-27.882156,-57.34387,2024-11-20
-28.654825,-57.48119,2024-09-14
-28.538008,-57.186554,2024-10-18
-28.53552,-57.174225,2021-11-29
-28.613096,-57.2687,2024-07-11
-27.710318,-57.187614,2024-07-23
-28.68047,-57.385498,2024-12-07
-28.205248,-56.72113,2022-09-27
-28.731976,-57.485035,2024-02-13
-28.556509,-57.208797,2024-12-05
-27.875353,-57.348465,2024-10-03
-28.840387,-57.568832,2024-11-11
-27.882156,-57.34387,2024-12-14
-28.042086,-57.459366,2024-12-03
-28.70089,-57.45096,2023-07-29
-27.693987,-56.84934,2024-10-06
-28.12793,-57.434677,2024-02-25
-26.553066,-58.486877,2024-11-24
-27.864618,-57.370674,2024-11-04
-27.823591,-56.84794,2024-10-06
-28.593222,-57.247486,2024-11-26
-28.069988,-57.44789,2024-02-26
-28.06693,-57.44988,2024-10-12
-27.772387,-57.276466,2022-12-09
-27.686232,-57.074677,2024-06-23
-28.630285,-57.287167,2024-10-23
-28.731976,-57.485035,2024-11-25
-28.697233,-57.44664,2024-11-06
-28.824955,-57.283188,2024-01-28
-27.862581,-57.37325,2024-10-03
-28.687449,-57.40477,2024-11-06
-28.593222,-57.247486,2021-10-05
-25.88661,-58.084152,2024-07-20
-28.567556,-57.219414,2024-10-30
-29.137888,-57.96661,2024-07-26
-27.823591,-56.84794,2020-02-04
-27.593513,-57.169735,2024-12-05
-28.593222,-57.247486,2021-05-18
-28.719475,-57.471222,2024-11-07
-28.6553,-57.42455,2024-01-01
-28.12793,-57.434677,2023-11-17
-28.547115,-57.197083,2024-11-14
-27.882156,-57.34387,2024-10-06
-27.886131,-57.345737,2024-10-06
-28.357672,-56.660572,2024-12-04
-28.430048,-57.699078,2024-09-16
-28.558638,-57.209827,2024-11-08
-28.538008,-57.186554,2022-10-29
-26.247334,-58.836,2024-09-17
-28.55418,-57.21037,2024-11-13
-28.721804,-57.473644,2024-10-28
-28.593222,-57.247486,2021-04-08
-29.154284,-56.84972,2022-04-17
-27.857103,-56.904404,2024-12-05
-28.55883,-57.210022,2024-10-26
-28.593222,-57.247486,2024-09-09
-29.020218,-57.751034,2024-07-21
-28.12793,-57.434677,2024-01-28
-28.18484,-57.4424,2024-07-19
-28.533459,-57.1535,2022-09-21
-28.554743,-57.205723,2024-11-08
-28.546047,-57.196255,2024-09-28
-28.428907,-57.816998,2024-10-01
-28.546143,-57.195694,2020-12-01
-28.577305,-57.229717,2024-12-05
-28.12793,-57.434677,2024-07-26
-28.437956,-57.68459,2021-12-11
-28.552242,-57.212257,2024-03-17
-28.6553,-57.42455,2024-01-13
-28.731976,-57.485035,2024-10-18
-28.688906,-57.42519,2024-12-05
-28.048857,-57.4556,2024-01-02
-28.847425,-57.27401,2022-10-23
-28.552242,-57.212257,2024-03-16
-28.53552,-57.174225,2022-10-07
-26.897427,-59.007473,2020-02-05
-28.668833,-57.36828,2021-10-08
-27.882156,-57.34387,2024-06-30
-27.857103,-56.904404,2024-03-15
-25.88661,-58.084152,2024-05-11
-27.857103,-56.904404,2024-10-06
-28.551762,-57.212444,2024-09-05
-27.863886,-56.905983,2024-11-04
-28.593222,-57.247486,2024-11-08
-27.710318,-57.187614,2023-10-20
-28.546227,-57.19594,2023-09-05
-28.593222,-57.247486,2024-10-28
-27.857103,-56.904404,2023-10-08
-28.435835,-57.695316,2024-10-12
-28.593222,-57.247486,2024-10-11
-27.857103,-56.904404,2024-03-16
-28.593222,-57.247486,2024-11-09
-28.65665,-56.809082,2024-11-24
-28.619759,-57.29491,2022-02-27
-28.53552,-57.174225,2021-03-13
-27.710318,-57.187614,2024-10-04
-27.710318,-57.187614,2024-10-06
-25.88661,-58.084152,2024-10-12
-28.53552,-57.174225,2020-02-24
-27.823591,-56.84794,2024-10-05
-28.593222,-57.247486,2022-02-18
-28.55383,-57.2111,2022-08-27
-28.68629,-57.396355,2024-02-15
-27.774145,-56.864265,2024-12-22
-28.12793,-57.434677,2024-10-02
-28.261,-55.928,2024-02-18
-28.12793,-57.434677,2023-11-25
-28.6553,-57.42455,2024-08-07
-28.2485,-57.4145,2024-10-12
-28.593222,-57.247486,2024-02-07
-27.882156,-57.34387,2024-12-21
-28.593222,-57.247486,2021-09-20
-28.593222,-57.247486,2024-10-13
-27.857103,-56.904404,2023-03-19
-28.428907,-57.816998,2021-10-09
-27.857103,-56.904404,2022-08-23
-27.686232,-57.074677,2024-08-16
-28.42851,-57.81924,2024-11-19
-28.12793,-57.434677,2023-10-10
-28.731976,-57.485035,2024-11-18
-28.2485,-57.4145,2024-10-13
-27.858046,-57.37892,2024-11-19
-28.707825,-57.458427,2021-11-28
-28.12793,-57.434677,2023-10-14
-28.593222,-57.247486,2024-11-01
-28.712208,-57.46344,2024-10-21
-28.546251,-57.19647,2024-02-14
-27.857103,-56.904404,2022-09-11
-27.857103,-56.904404,2024-10-10
-29.431215,-57.351395,2024-07-07
-28.12793,-57.434677,2023-06-03
-28.128002,-57.43521,2021-02-06
-28.55558,-57.206112,2024-11-02
-28.55503,-57.215847,2022-11-21
-26.80584,-59.613876,2023-10-14
-26.247334,-58.836,2024-09-14
-28.436174,-57.696095,2024-04-16
-28.6553,-57.42455,2024-10-21
-27.882156,-57.34387,2024-07-23
-28.53552,-57.174225,2024-06-07
-27.710318,-57.187614,2023-10-23
-27.863592,-56.912563,2024-10-04
-28.7314,-57.48525,2024-09-15
-27.857103,-56.904404,2022-11-02
-28.874924,-57.262856,2024-11-22
-28.533747,-57.18064,2024-06-23
-28.53552,-57.174225,2022-10-08
-28.486086,-57.04596,2022-04-14
-28.12793,-57.434677,2024-01-29
-28.53552,-57.174225,2020-02-04
-27.857103,-56.904404,2024-09-30
-28.593222,-57.247486,2023-10-29
-28.53552,-57.174225,2024-11-26
-28.68932,-57.42943,2024-03-20
-28.077738,-57.442814,2024-01-02
-28.683462,-57.391014,2024-11-07
-28.688265,-57.416557,2024-06-26
-28.12793,-57.434677,2023-12-08
-28.6553,-57.42455,2021-11-06
-28.147112,-57.442444,2024-10-06
-28.005184,-56.27861,2023-05-13
-27.634132,-56.89765,2024-10-12
-28.593222,-57.247486,2024-05-19
-28.436844,-57.817886,2021-07-31
-28.12793,-57.434677,2023-12-11
-27.857103,-56.904404,2024-05-11
-26.247334,-58.836,2021-10-09
-26.897427,-59.007473,2020-02-04
-28.619759,-57.29491,2024-10-12
-27.51259,-56.73919,2021-10-09
-28.2485,-57.4145,2024-10-09
-28.553465,-57.198345,2024-04-13
-28.593222,-57.247486,2024-11-07
-28.535612,-57.18707,2022-10-13
-28.553717,-57.213524,2022-09-26
-28.677675,-57.382244,2024-08-06
-28.443718,-57.691372,2024-04-19
-28.2485,-57.4145,2024-10-11
-27.858389,-57.378586,2024-10-06
-28.68932,-57.42943,2024-03-16
-28.556858,-57.208385,2022-10-09
-28.557028,-57.208218,2024-09-07
-28.556509,-57.208797,2024-02-14
-29.020218,-57.751034,2024-07-19
-28.6553,-57.42455,2024-02-13
-27.617702,-57.003555,2024-10-06
-28.12793,-57.434677,2023-11-18
-28.551603,-57.212284,2024-09-15
-28.546251,-57.19647,2024-07-07
-28.731976,-57.485035,2024-11-15
-27.857103,-56.904404,2024-03-23
-28.5444,-57.1961,2022-07-19
-28.598375,-57.252926,2024-10-26
-27.882156,-57.34387,2024-09-05
-28.669922,-57.369873,2024-09-01
-28.546227,-57.19594,2022-03-01
-28.552177,-57.213123,2024-11-12
-28.2485,-57.4145,2024-10-31
-28.659657,-57.318893,2024-07-22
-28.422438,-57.69511,2024-06-27
-28.447832,-57.704372,2024-06-16
-28.661173,-57.32156,2024-08-06
-27.674055,-57.062878,2024-07-21
-27.758965,-56.86294,2023-09-10
-28.091835,-57.43574,2024-01-02
-28.688007,-57.41202,2024-06-20
-28.698027,-57.447617,2023-07-23
-27.874743,-57.39498,2024-10-06
-28.546227,-57.19594,2023-06-09
-28.68932,-57.42943,2024-12-19
-28.656878,-57.315716,2022-07-15
-28.6553,-57.42455,2024-10-12
-28.593222,-57.247486,2024-10-12
-28.53552,-57.174225,2020-02-27
-28.53552,-57.174225,2021-09-28
-27.935535,-57.018612,2024-10-12
-28.18484,-57.4424,2021-11-18
-28.12793,-57.434677,2023-07-21
-28.692604,-57.481964,2023-08-26
-28.662222,-57.32498,2024-08-06
-28.428907,-57.816998,2022-07-26
-28.53552,-57.174225,2022-11-28
-28.436174,-57.696095,2024-11-03
-28.7314,-57.48525,2024-09-19
-28.561148,-57.21577,2023-01-11
-28.546251,-57.19647,2024-08-06
-28.180723,-56.443085,2024-10-12
-28.551836,-57.21186,2024-09-25
-28.76363,-57.43823,2024-03-31
-28.12793,-57.434677,2023-07-22
-28.12793,-57.434677,2023-11-28
-28.552267,-57.203815,2024-03-26
-27.882156,-57.34387,2024-10-05
-27.85795,-56.90897,2023-11-25
-28.445456,-57.697704,2024-07-29
-27.882156,-57.34387,2024-10-12
-28.307402,-57.455624,2021-12-16
-28.633272,-57.289627,2023-05-17
-28.577663,-57.229885,2024-07-07
-28.593222,-57.247486,2024-10-20
-28.687454,-57.406837,2024-12-05
-28.12793,-57.434677,2024-06-21
-27.710318,-57.187614,2022-11-03
-27.85717,-56.90643,2023-09-16
-28.777508,-57.33804,2024-05-21
-28.689571,-57.432995,2024-12-03
-28.12793,-57.434677,2023-11-20
-28.546251,-57.19647,2024-08-11
-28.547018,-57.19489,2024-02-14
-25.905893,-58.07787,2024-08-17
-28.428907,-57.816998,2024-09-14
-28.68932,-57.42943,2024-09-06
-28.653786,-57.31213,2024-08-06
-28.567951,-57.230644,2024-10-12
-28.551603,-57.212284,2024-09-18
-28.531103,-57.204933,2024-02-11
-28.593222,-57.247486,2021-09-30
-27.839386,-57.377995,2023-03-18
-28.689463,-57.431454,2024-02-13
-28.436174,-57.696095,2024-03-22
-28.538118,-57.181435,2024-09-13
-28.551844,-57.212166,2024-11-03
-27.858883,-57.378048,2024-06-30
-28.18484,-57.4424,2024-06-22
-28.53552,-57.174225,2024-09-07
-28.550337,-57.21233,2024-08-11
-29.245918,-57.419914,2024-12-18
-28.654825,-57.48119,2024-09-06
-27.710318,-57.187614,2024-10-03
-28.55558,-57.206112,2024-06-04
-27.686232,-57.074677,2024-07-30
-27.757051,-56.861794,2024-12-04
-27.882156,-57.34387,2024-09-21
-28.2485,-57.4145,2024-10-03
-28.12793,-57.434677,2024-10-15
-28.619759,-57.29491,2024-09-30
-27.634653,-56.813828,2024-02-08
-28.53552,-57.174225,2024-11-27
-28.687609,-57.409706,2024-11-29
-28.546251,-57.19647,2023-04-02
-28.688179,-58.285217,2024-11-04
-28.12793,-57.434677,2023-10-13
-27.857103,-56.904404,2024-10-07
-28.593222,-57.247486,2022-11-05
-29.07107,-56.998417,2024-10-27
-27.857103,-56.904404,2023-10-14
-27.564854,-57.155266,2024-07-27
-27.559252,-57.13656,2024-09-15
-27.857103,-56.904404,2024-12-19
-28.556868,-57.20845,2024-12-03
-28.552242,-57.212257,2024-03-14
-28.68975,-57.43614,2024-08-06
-28.546227,-57.19594,2024-10-07
-27.857103,-56.904404,2024-04-01
-28.2485,-57.4145,2024-10-19
-28.546251,-57.19647,2024-11-12
-28.552267,-57.203815,2024-03-27
-27.634132,-56.89765,2024-12-14
-28.550638,-57.20395,2024-08-05
-28.538008,-57.186554,2023-09-09
-28.556858,-57.208385,2021-12-02
-28.687277,-57.404457,2022-10-04
-28.909414,-57.241352,2022-07-15
-28.178324,-56.441555,2024-07-18
-28.5518,-57.21254,2024-10-12
-28.68047,-57.385498,2024-11-09
-27.731668,-56.970146,2023-01-03
-28.593222,-57.247486,2024-06-17
-28.6553,-57.42455,2024-05-05
-28.18484,-57.4424,2024-09-10
-27.634653,-56.813828,2024-10-04
-28.53552,-57.174225,2020-01-09
-28.684565,-57.266202,2025-08-09T10:11
-28.542986,-57.619106,2020-01-25T09:38
-27.888004,-58.315108,2020-08-17T17:49
-28.081972,-57.486149,2025-07-11T16:34:37
-28.416018,-57.771508,2024-11-10T17:00
-28.656732,-57.467234,2024-11-08T18:42
-28.754344,-57.506448,2024-11-08T18:44
-28.58255,-57.244401,2024-11-09T10:52
-28.533798,-57.274232,2025-02-15T08:59:43
-28.424017,-57.36006,2024-12-14T07:19
-28.45584,-57.330047,2025-02-19T09:02
-28.677318,-57.403339,2020-01-24T21:51
-28.700508,-57.250817,2025-02-14T18:02
-28.958998,-57.464349,2024-09-17T10:30
-28.894686,-57.666342,2024-09-17T10:07
-28.849494,-57.679232,2024-09-17T10:13
-28.708617,-57.417853,2020-01-24
-28.656725,-57.428619,2023-12-13T00:00
-27.803314,-57.3007,2024-11-04T17:21
-28.535105,-57.135334,2024-09-29T08:20:04
-28.802661,-57.770361,2024-10-29T07:58
-28.702669,-57.584499,2024-10-28T15:28
-28.489477,-57.223841,2024-10-29T18:48
-28.685151,-57.260645,2024-11-11T10:12
-27.956715,-57.224688,2024-11-04T17:33
-28.650716,-57.266915,2024-11-11T10:14
-28.609499,-57.278296,2024-11-11T09:59
-28.426881,-57.383857,2024-11-09T11:09
-28.672647,-57.372738,2024-10-31T08:52
-28.672276,-57.526521,2024-10-28T17:42
-28.68315,-57.254607,2024-10-31T10:20
-28.63682,-57.350246,2024-06-15T16:08
-28.530952,-57.925692,2024-11-20T07:15
-28.416578,-57.241451,2022-07-19
-28.635597,-57.354973,2024-06-17T15:11
-28.410933,-57.001968,2024-10-28T15:29
-28.229357,-57.985413,2024-11-20T12:54
-28.628726,-57.223105,2024-06-16T09:19
-28.793054,-57.39783,2024-06-17T17:15
-28.669851,-57.204706,2024-06-16T09:22
-28.673221,-57.594895,2021-09-06T10:30Z
-28.753096,-57.316794,2024-07-04T14:56
-27.983296,-56.962124,2024-10-07T16:15
-27.841629,-56.934664,2024-10-08T05:25
-27.736836,-57.104881,2024-10-06T15:04
-28.344941,-57.292029,2024-10-13T23:20
-26.382968,-58.840096,2024-09-17T09:19
-26.327073,-58.948012,2024-09-14T18:25
-28.212313,-57.230129,2024-09-27T18:13
-27.963704,-57.605659,2024-10-04T05:37:44
-28.211941,-57.213486,2024-09-26T16:43
-28.343591,-57.297425,2024-09-26T16:51
-26.206786,-58.813036,2024-09-14T15:45
-28.640222,-57.238279,2024-09-16T16:51
-28.380862,-57.364746,2024-09-10T16:03
-28.667142,-57.52178,2024-08-10T11:37
-27.800773,-56.850247,2021-01-04T09:16
-28.543738,-57.741746,2024-07-26T13:26:10
-26.082226,-58.076123,2024-06-30T15:30
-28.271701,-57.498583,2024-06-26T09:58
-28.255585,-57.401448,2024-06-26T10:44
-26.014923,-58.153369,2024-06-02T10:48
-28.461562,-57.325484,2023-10-05T13:02
-28.717826,-57.555522,2023-11-22T09:09:54
-28.445849,-57.295361,2022-10-07
-28.498234,-57.353655,2022-10-08
-28.546227,-57.19594,2023-12-31
-28.909414,-57.241352,2023-06-01
-27.857103,-56.904404,2023-05-09
-28.684679,-57.393196,2023-12-13
-28.554892,-57.20935,2023-04-29
-28.688404,-57.418514,2023-06-19
-25.88661,-58.084152,2023-10-14
-28.457178,-56.12545,2023-12-21
-28.773062,-57.524208,2023-12-11
-28.39569,-56.54387,2023-05-11
-28.554527,-57.210728,2023-11-11
-28.072224,-57.446808,2023-12-08
-28.664988,-57.35337,2023-11-23
-28.688437,-57.417942,2023-10-16
-28.546227,-57.19594,2023-06-18
-26.542532,-58.503963,2023-05-17
-25.88661,-58.084152,2023-05-13
-26.247334,-58.836,2023-06-19
-28.68101,-57.387238,2023-11-25
-28.546227,-57.19594,2023-12-22
-28.02983,-57.471275,2023-12-29
-28.56702,-57.218807,2023-08-23
-27.412691,-55.617783,2023-05-13
-25.893917,-58.08183,2023-05-13
-28.557755,-57.217716,2023-06-01
-28.53552,-57.174225,2023-08-07
-27.839386,-57.377995,2023-12-31
-28.664753,-57.351303,2023-11-25
-27.839386,-57.377995,2023-02-19
-27.874718,-57.39497,2023-11-20
-27.857103,-56.904404,2023-05-28
-27.857103,-56.904404,2023-11-18
-28.593222,-57.247486,2023-11-24
-28.688374,-57.416935,2023-11-23
-28.069454,-57.44626,2023-11-12
-28.12793,-57.434677,2023-10-06
-28.593222,-57.247486,2023-02-07
-28.55558,-57.206112,2023-06-01
-28.428907,-57.816998,2023-08-24
-27.85795,-56.90897,2023-12-05
-28.72502,-57.47703,2023-04-06
-28.973156,-57.18829,2023-05-13
-28.593222,-57.247486,2023-10-17
-27.782188,-57.289227,2023-07-12
-27.823591,-56.84794,2023-09-09
-27.857103,-56.904404,2023-05-10
-28.2973,-57.45161,2023-10-14
-26.494638,-58.460377,2023-01-31
-27.648502,-57.195045,2023-11-08
-28.116367,-57.43608,2023-11-19
-27.85795,-56.90897,2023-08-10
-27.882156,-57.34387,2023-12-10
-27.857103,-56.904404,2023-03-05
-28.6865,-57.396877,2023-07-04
-28.6553,-57.42455,2023-12-13
-28.151718,-57.449123,2023-12-10
-27.85795,-56.90897,2023-11-12
-28.072578,-57.44513,2023-11-14
-27.857103,-56.904404,2023-10-16
-27.839386,-57.377995,2023-05-13
-28.12793,-57.434677,2023-05-10
-28.2485,-57.4145,2023-10-14
-28.688374,-57.416935,2023-11-25
-28.469334,-56.94115,2020-01-30
-27.682863,-57.069878,2023-11-11
-28.687561,-57.407898,2023-11-28
-28.538008,-57.186554,2023-01-22
-28.689373,-57.43089,2023-12-26
-28.13714,-57.435833,2023-11-17
-28.559706,-57.21114,2023-05-08
-28.701206,-57.451214,2023-11-26
-28.552902,-57.212624,2023-03-16
-28.887947,-57.256542,2023-04-16
-28.3326,-57.372253,2022-10-25
-28.18484,-57.4424,2023-07-18
-28.554089,-57.210514,2023-07-03
-28.306484,-57.455566,2023-10-14
-28.996347,-57.1693,2023-09-17
-26.563448,-58.473076,2023-05-26
-26.762104,-58.71055,2023-04-06
-27.911028,-57.337765,2023-11-16
-27.882156,-57.34387,2023-10-15
-28.12793,-57.434677,2023-04-27
-28.13714,-57.435833,2023-11-12
-28.12793,-57.434677,2023-09-18
-28.12793,-57.434677,2023-10-01
-28.731478,-57.48494,2023-04-16
-27.412691,-55.617783,2023-04-03
-26.57775,-58.45718,2023-03-19
-25.88661,-58.084152,2023-09-24
-28.12793,-57.434677,2023-07-17
-26.247334,-58.836,2023-09-23
-28.551777,-57.212326,2023-08-25
-27.839386,-57.377995,2023-05-26
-26.740612,-58.695194,2023-04-06
-28.117245,-57.42845,2023-11-27
-28.709188,-56.63778,2023-05-10
-28.66137,-57.321873,2023-03-14
-28.53552,-57.174225,2023-08-26
-28.084097,-56.697693,2023-06-14
-27.661741,-57.291237,2023-08-29
-25.88661,-58.084152,2023-07-29
-28.666735,-57.332226,2023-08-31
-27.857103,-56.904404,2023-03-22
-28.546251,-57.19647,2023-08-20
-28.551767,-57.21182,2023-11-26
-28.546345,-57.09226,2023-09-02
-28.686657,-57.397182,2023-08-24
-28.69712,-57.446712,2023-08-27
-27.839386,-57.377995,2023-02-04
-28.593222,-57.247486,2023-09-18
-28.53552,-57.174225,2023-08-21
-28.687616,-57.409058,2023-07-04
-28.573183,-57.225094,2023-08-26
-28.593222,-57.247486,2023-02-13
-28.408833,-56.539,2023-02-07
-28.556217,-57.209183,2023-08-25
-28.687744,-57.40886,2023-12-26
-27.857103,-56.904404,2023-03-11
-27.857103,-56.904404,2023-02-24
-28.593222,-57.247486,2023-02-05
-28.547018,-57.19489,2022-07-17
-27.85795,-56.90897,2023-01-10
-27.710318,-57.187614,2023-11-18
-28.18484,-57.4424,2023-02-04
-27.857103,-56.904404,2023-02-02
-28.663797,-57.34016,2023-02-04
-26.247334,-58.836,2023-06-20
-27.85795,-56.90897,2023-08-12
-27.85795,-56.90897,2023-09-04
-28.119444,-57.4364,2023-11-26
-27.725225,-57.2361,2023-06-25
-28.68834,-57.418316,2023-07-04
-28.552126,-57.212894,2023-12-09
-28.428907,-57.816998,2023-07-19
-28.53552,-57.174225,2023-06-07
-28.556889,-57.208363,2023-01-25
-28.53552,-57.174225,2023-02-08
-27.85795,-56.90897,2023-01-11
-28.697647,-57.44739,2023-07-04
-28.540709,-57.09751,2021-11-20
-27.857103,-56.904404,2023-01-16
-27.839386,-57.377995,2023-06-03
-28.428907,-57.816998,2023-08-08
-28.53552,-57.174225,2023-12-29
-26.57775,-58.45718,2023-05-19
-28.069454,-57.44626,2023-11-21
-27.85839,-56.90618,2023-06-22
-27.857103,-56.904404,2023-05-23
-28.593222,-57.247486,2023-07-19
-28.12793,-57.434677,2023-05-30
-28.593222,-57.247486,2023-12-15
-28.10632,-56.532715,2023-02-10
-28.549374,-57.20689,2023-06-07
-27.848207,-56.8801,2023-11-29
-27.857103,-56.904404,2023-02-25
-28.67787,-57.38237,2023-07-04
-28.593222,-57.247486,2023-10-18
-27.85795,-56.90897,2023-06-27
-28.67015,-57.370266,2023-11-28
-28.688211,-57.415607,2023-12-31
-28.53552,-57.174225,2023-10-09
-28.546251,-57.19647,2023-07-05
-28.14884,-57.443832,2023-11-28
-28.070484,-57.448006,2023-11-19
-28.072012,-57.445652,2023-11-13
-28.43503,-57.695297,2023-11-28
-28.068485,-57.45027,2023-11-29
-28.887688,-56.72088,2023-05-13
-28.98532,-57.699165,2023-12-03
-28.121958,-57.432697,2023-12-18
-28.43503,-57.695297,2023-04-26
-26.56969,-58.465942,2023-11-29
-27.393147,-55.652576,2023-05-13
-27.857103,-56.904404,2023-11-11
-28.6553,-57.42455,2022-10-17
-28.12793,-57.434677,2023-05-08
-28.334848,-57.440544,2023-10-14
-28.12793,-57.434677,2023-10-07
-28.12793,-57.434677,2023-10-05
-28.32973,-57.442005,2023-10-14
-28.12793,-57.434677,2023-11-15
-28.56018,-57.21917,2023-04-11
-27.6405,-57.229492,2023-11-08
-27.839386,-57.377995,2023-01-08
-28.66067,-57.320084,2023-10-10
-28.655745,-57.43212,2023-03-25
-28.546227,-57.19594,2023-03-23
-27.857103,-56.904404,2023-08-25
-28.687998,-57.434185,2023-09-13
-27.857103,-56.904404,2023-03-12
-28.12793,-57.434677,2023-02-19
-28.12793,-57.434677,2023-08-30
-28.621494,-57.27771,2023-08-24
-27.784637,-56.86389,2023-06-18
-28.546227,-57.19594,2023-08-27
-28.6553,-57.42455,2023-08-17
-26.733334,-58.76117,2023-07-14
-28.12793,-57.434677,2023-07-26
-28.554272,-57.214073,2023-07-23
-28.593222,-57.247486,2023-02-14
-28.6553,-57.42455,2023-12-06
-28.551777,-57.212326,2023-08-26
-28.12793,-57.434677,2023-08-19
-28.536219,-57.1765,2022-09-20
-28.68047,-57.385498,2023-02-04
-28.556826,-57.20897,2021-11-22
-26.57775,-58.45718,2023-02-12
-28.12793,-57.434677,2023-01-06
-28.546251,-57.19647,2023-08-26
-27.857103,-56.904404,2023-01-21
-28.311768,-57.45676,2023-07-25
-27.857103,-56.904404,2023-01-04
-27.857103,-56.904404,2023-02-01
-28.556913,-57.208385,2023-06-06
-28.30796,-57.45519,2023-11-30
-28.63203,-57.288864,2023-04-30
-28.53552,-57.174225,2023-03-21
-28.555735,-57.209515,2023-04-06
-28.12793,-57.434677,2023-11-23
-28.682188,-57.389027,2023-06-10
-27.748947,-57.312836,2023-07-12
-26.56969,-58.465942,2023-05-28
-28.795204,-57.311024,2023-05-13
-28.593222,-57.247486,2023-12-08
-27.857103,-56.904404,2023-11-10
-28.072578,-57.44513,2023-11-12
-28.18484,-57.4424,2023-05-30
-28.556509,-57.208797,2023-11-25
-27.748947,-57.312836,2023-06-17
-28.63886,-57.29839,2023-01-28
-27.882156,-57.34387,2023-11-17
-28.546227,-57.19594,2023-08-25
-28.664253,-57.34525,2023-12-27
-27.839386,-57.377995,2023-01-12
-28.71967,-56.83763,2023-05-13
-28.118332,-57.436077,2023-11-20
-28.070072,-57.448982,2023-11-18
-28.114605,-57.43625,2023-11-15
-27.857103,-56.904404,2023-08-31
-28.12793,-57.434677,2023-09-24
-28.072758,-57.45003,2023-11-28
-28.134327,-57.43554,2023-11-13
-27.882156,-57.34387,2023-11-16
-28.428907,-57.816998,2023-09-27
-28.593222,-57.247486,2023-08-26
-28.595402,-57.249786,2023-03-08
-27.857103,-56.904404,2023-09-10
-28.901205,-57.61508,2023-09-29
-28.12793,-57.434677,2023-08-31
-27.564459,-57.123558,2023-08-07
-28.072758,-57.45003,2023-11-29
-27.857103,-56.904404,2023-03-24
-28.428907,-57.816998,2023-09-26
-28.689121,-57.42749,2023-12-13
-27.857103,-56.904404,2023-02-06
-28.12793,-57.434677,2023-12-12
-28.55558,-57.206112,2023-05-09
-28.117245,-57.42845,2023-11-14
-27.857103,-56.904404,2023-12-11
-29.057348,-57.041096,2023-10-15
-28.068485,-57.45027,2023-12-17
-28.072012,-57.445652,2023-11-15
-28.593222,-57.247486,2023-12-14
-28.428907,-57.816998,2023-10-10
-27.542006,-56.635777,2023-12-13
-28.07305,-57.44538,2023-12-16
-28.30796,-57.45519,2023-11-28
-27.85795,-56.90897,2023-01-03
-28.380808,-56.882355,2023-01-10
-28.53552,-57.174225,2023-02-07
-28.273603,-56.226765,2023-08-17
-28.897114,-57.613235,2022-05-15
-28.886718,-57.585944,2024-02-10T18:26
-27.877472,-56.962841,2024-04-01T19:03
-28.91257,-57.663198,2024-02-10T18:04
-28.551927,-57.392379,2024-02-10T18:27
-28.563724,-57.262541,2024-02-12T07:52
-28.497643,-57.205553,2024-02-12T08:23
-28.781785,-57.56584,2023-09-17T15:18
-28.129167,-57.506784,2023-11-27T15:58:16
-28.023765,-57.57361,2023-11-28T19:22:39
-28.007954,-57.416833,2023-12-01T17:38:43
-28.915203,-57.696258,2023-09-20T11:05
-28.648282,-57.584618,2023-07-29T09:06
-28.504234,-57.359397,2023-07-27T16:33
-28.48026,-57.251067,2023-07-27T16:30
-26.497099,-58.588433,2023-11-29T13:24:01
-28.605566,-57.573457,2023-11-26T10:22:58
-28.686344,-57.511362,2023-11-28T09:41:12
-28.783817,-57.45751,2023-11-26T10:15:27
-28.6123,-57.520669,2023-11-26T11:06:54
-28.795525,-57.408747,2023-11-28T10:05:28
-28.659865,-57.254397,2023-11-09T07:21
-28.59607,-57.264078,2023-11-11T08:48:14
-28.297462,-57.967114,2023-10-08T09:07
-28.487245,-57.244574,2023-10-12T10:07
-28.503364,-57.346061,2023-10-12T10:06
-28.445659,-57.677773,2023-09-18T16:10
-28.582932,-57.689171,2023-09-18T17:08
-27.820421,-56.827937,2023-08-17T17:24
-28.403769,-57.291145,2023-06-09T11:25
-28.005349,-56.958883,2020-02-04T21:58
-26.486174,-58.58911,2023-05-29T19:22
-28.479229,-57.399472,2023-08-25T11:03:31
-28.556738,-57.301951,2023-08-25T11:06:57
-27.92493,-56.959022,2023-08-17T17:28
-28.225036,-56.788288,2023-08-14T13:40
-27.981685,-56.808303,2023-08-17T17:17
-27.962277,-56.953144,2023-08-17T17:28
-27.904777,-56.987513,2023-08-17T17:26
-27.857103,-56.904404,2022-11-08
-28.546227,-57.19594,2022-08-27
-27.857103,-56.904404,2022-11-25
-28.546251,-57.19647,2022-11-17
-28.798452,-57.54122,2022-12-02
-28.553633,-57.210518,2022-12-20
-27.857103,-56.904404,2022-08-06
-25.88661,-58.084152,2022-07-28
-28.663046,-57.335285,2022-09-17
-28.593222,-57.247486,2022-08-27
-28.909414,-57.241352,2021-11-14
-28.12793,-57.434677,2022-12-05
-27.857103,-56.904404,2022-12-21
-27.857103,-56.904404,2022-11-23
-27.77429,-57.28223,2022-07-17
-27.839386,-57.377995,2022-11-23
-28.54553,-57.19457,2022-11-11
-28.645966,-57.30371,2022-12-11
-27.857103,-56.904404,2022-12-22
-28.12793,-57.434677,2022-12-07
-27.857103,-56.904404,2022-12-03
-28.686947,-57.399464,2022-12-12
-27.85795,-56.90897,2022-12-06
-28.663145,-57.33474,2022-08-31
-28.66139,-57.327217,2022-09-27
-26.57775,-58.45718,2022-12-04
-28.163446,-58.33883,2022-06-26
-28.53552,-57.174225,2022-05-21
-28.53552,-57.174225,2022-10-30
-28.593222,-57.247486,2022-10-14
-28.097492,-56.66205,2022-11-26
-28.53878,-57.182896,2022-08-27
-28.654705,-57.33759,2022-06-20
-28.546227,-57.19594,2022-11-25
-28.546251,-57.19647,2022-10-16
-27.823591,-56.84794,2022-11-17
-27.740608,-57.163826,2022-05-08
-28.53552,-57.174225,2022-02-10
-28.593222,-57.247486,2022-08-28
-28.660944,-57.33854,2022-06-09
-26.57775,-58.45718,2022-04-03
-28.707552,-57.458206,2022-10-10
-28.544498,-57.160126,2022-06-20
-28.593222,-57.247486,2022-06-17
-28.435112,-57.69487,2022-06-11
-28.550282,-57.200977,2022-03-21
-28.795204,-57.311024,2022-09-24
-28.546251,-57.19647,2022-08-31
-28.372421,-57.49316,2022-07-22
-28.770866,-57.365307,2022-06-17
-28.443863,-57.6913,2022-10-08
-28.552023,-57.212543,2022-12-13
-28.53107,-57.185555,2022-07-03
-28.669477,-57.372223,2022-08-24
-27.839386,-57.377995,2022-12-20
-28.084097,-56.697693,2022-11-16
-27.857103,-56.904404,2022-11-24
-26.486063,-58.451736,2022-12-04
-28.67394,-57.377926,2022-03-04
-28.593222,-57.247486,2022-10-08
-26.57775,-58.45718,2022-05-22
-27.823591,-56.84794,2021-07-18
-27.857103,-56.904404,2022-10-07
-28.724655,-57.477127,2022-11-24
-28.949984,-57.652885,2022-11-02
-25.926126,-58.07098,2022-08-12
-28.53552,-57.174225,2022-05-14
-28.6553,-57.42455,2022-10-19
-27.857103,-56.904404,2022-11-07
-26.57775,-58.45718,2022-10-08
-27.824438,-57.58972,2022-01-31
-28.68722,-57.406055,2022-09-27
-27.85795,-56.90897,2022-05-30
-27.857292,-56.906185,2022-09-27
-27.869276,-57.36399,2022-11-12
-28.43503,-57.695297,2022-09-08
-27.857103,-56.904404,2021-05-08
-28.53552,-57.174225,2022-10-29
-27.857103,-56.904404,2022-11-18
-27.63589,-56.81433,2022-10-16
-27.857103,-56.904404,2022-12-04
-26.770256,-58.75154,2022-01-14
-27.857103,-56.904404,2021-11-22
-28.66263,-57.33018,2022-08-28
-28.547018,-57.19489,2022-12-08
-28.813923,-57.502167,2022-11-28
-27.839386,-57.377995,2022-12-09
-28.962318,-57.665813,2022-11-29
-27.857103,-56.904404,2022-07-02
-28.96087,-57.664207,2022-10-21
-28.716833,-57.468388,2022-10-08
-26.710848,-58.761913,2022-10-08
-27.857103,-56.904404,2022-09-23
-27.823591,-56.84794,2021-05-08
-28.654404,-57.430855,2022-05-13
-28.12793,-57.434677,2022-06-18
-27.857103,-56.904404,2022-10-21
-28.688179,-58.285217,2022-10-17
-27.857103,-56.904404,2022-09-18
-28.53552,-57.174225,2022-10-04
-27.839386,-57.377995,2022-10-09
-28.593222,-57.247486,2022-12-13
-28.428907,-57.816998,2022-09-23
-28.14879,-56.690884,2022-12-04
-27.857103,-56.904404,2022-02-03
-28.68041,-57.386463,2022-09-27
-28.336502,-56.817486,2022-05-11
-27.857119,-56.906197,2022-08-24
-28.190248,-56.71478,2022-01-16
-28.14534,-57.440353,2022-08-26
-28.428907,-57.816998,2022-04-15
-27.85795,-56.90897,2022-10-08
-28.546251,-57.19647,2022-12-13
-28.769571,-56.371655,2022-11-05
-28.53552,-57.174225,2022-09-19
-28.552917,-57.203445,2022-01-17
-28.593222,-57.247486,2022-08-25
-28.329666,-57.470257,2022-07-22
-27.857103,-56.904404,2022-11-27
-28.664413,-57.348034,2022-09-27
-25.904064,-58.15574,2022-06-07
-28.428907,-57.816998,2022-09-27
-28.311768,-57.45676,2022-01-10
-27.857103,-56.904404,2021-09-19
-27.857103,-56.904404,2021-09-26
-28.538631,-57.187187,2022-12-28
-28.53107,-57.185555,2022-01-28
-27.996796,-57.58812,2022-10-07
-28.328133,-57.44204,2022-10-04
-27.855814,-56.9062,2022-09-19
-27.857103,-56.904404,2022-10-08
-28.550638,-57.20395,2022-10-13
-28.6553,-57.42455,2022-12-26
-27.839386,-57.377995,2022-09-17
-25.903288,-58.078644,2022-01-02
-28.268078,-57.380672,2022-07-23
-28.103115,-56.666397,2022-08-26
-26.57775,-58.45718,2022-04-24
-27.693987,-56.84934,2022-08-19
-27.637281,-57.219765,2022-05-07
-26.759491,-58.742256,2022-01-15
-28.53552,-57.174225,2022-11-12
-28.688269,-57.415894,2022-11-11
-28.551891,-57.21211,2022-12-29
-27.857292,-56.906185,2022-09-26
-27.857103,-56.904404,2021-10-09
-27.693987,-56.84934,2022-08-21
-25.905893,-58.07787,2022-08-27
-28.901205,-57.61508,2022-10-17
-28.593222,-57.247486,2022-10-13
-28.689018,-57.4266,2022-11-30
-28.184517,-57.443016,2022-08-30
-27.857103,-56.904404,2022-11-28
-28.6553,-57.42455,2022-01-07
-28.321918,-57.431274,2022-10-27
-28.593222,-57.247486,2022-11-18
-27.857103,-56.904404,2021-10-02
-28.556889,-57.208363,2022-08-26
-28.536219,-57.1765,2022-09-19
-28.86531,-57.58688,2022-10-08
-28.12793,-57.434677,2022-10-10
-27.753044,-56.86321,2022-06-20
-28.593222,-57.247486,2022-07-27
-28.6553,-57.42455,2022-10-18
-28.540709,-57.09751,2022-04-27
-27.857292,-56.906185,2022-10-08
-28.552584,-57.212296,2021-12-05
-28.12793,-57.434677,2022-04-15
-28.435513,-57.693542,2022-10-08
-28.619244,-57.275352,2022-12-30
-28.553684,-57.21238,2022-12-01
-28.12793,-57.434677,2022-09-11
-27.497967,-56.60128,2022-02-09
-27.865839,-57.369457,2022-04-15
-27.857103,-56.904404,2021-12-23
-28.96087,-57.664207,2022-10-19
-27.857103,-56.904404,2022-12-05
-28.663046,-57.335285,2022-09-21
-28.552023,-57.212543,2022-12-12
-28.901205,-57.61508,2022-12-04
-25.885664,-58.084522,2022-08-21
-27.757584,-56.862164,2022-06-20
-28.347122,-57.48625,2022-10-01
-27.857103,-56.904404,2021-10-08
-28.389465,-56.905678,2022-12-10
-27.710318,-57.187614,2022-05-14
-28.546251,-57.19647,2022-10-26
-28.428907,-57.816998,2022-07-05
-28.577663,-57.229885,2022-07-18
-28.532467,-57.104942,2022-08-27
-28.546251,-57.19647,2022-09-07
-27.857103,-56.904404,2022-05-22
-28.551168,-57.201797,2022-10-18
-28.53552,-57.174225,2021-10-28
-28.681234,-57.387295,2022-05-12
-28.55674,-57.208275,2022-02-13
-28.12793,-57.434677,2022-12-02
-28.593222,-57.247486,2022-07-22
-28.315752,-57.452877,2022-10-23
-28.6553,-57.42455,2022-02-16
-28.546251,-57.19647,2022-11-14
-27.678755,-57.151836,2022-05-15
-28.428907,-57.816998,2022-12-02
-28.653011,-57.311283,2022-12-26
-27.857103,-56.904404,2022-09-21
-28.53088,-57.2037,2022-02-26
-27.460835,-55.70433,2022-03-06
-28.57674,-57.229046,2022-08-23
-27.932272,-56.48963,2022-11-03
-27.85873,-56.906555,2021-10-10
-28.695139,-57.432446,2022-08-24
-28.540709,-57.09751,2022-01-16
-28.53552,-57.174225,2022-12-30
-28.12793,-57.434677,2022-09-28
-25.917011,-57.960457,2022-01-02
-25.953548,-58.061863,2022-01-02
-27.85991,-56.912586,2022-05-17
-28.780367,-57.567692,2023-07-23T11:06
-27.977575,-57.010465,2023-05-03T10:25:19
-27.899137,-57.172421,2023-05-03T10:41:39
-28.217526,-56.768637,2023-02-07T23:51
-28.335197,-56.679485,2023-02-07T23:51
-28.645717,-57.373766,2023-06-09T11:25
-28.637509,-57.281845,2023-06-09T11:35
-26.224542,-58.810602,2023-06-19T08:37
-28.743963,-57.361707,2023-06-09T11:20
-28.784394,-57.363954,2023-06-09T11:34
-28.799059,-57.243836,2022-01-02T08:52:15
-27.818104,-56.944313,2023-04-22T17:04
-28.417624,-57.085667,2023-04-12T09:20:36
-28.04852,-56.524723,2023-02-10T08:45
-28.795106,-57.802254,2022-02-03T09:54
-28.489378,-57.037316,2022-09-11T15:21
-28.413332,-57.079736,2022-09-11T15:20
-28.480857,-57.21495,2022-08-25T11:44
-28.567576,-57.269005,2022-08-28T13:03
-28.555463,-57.381889,2022-08-28T13:25
-28.408132,-57.338746,2022-08-28T13:07
-28.537039,-57.351187,2022-08-25T11:31
-28.548777,-57.374162,2022-10-09T13:39
-28.597092,-57.29785,2022-11-02T17:55
-28.477187,-57.28272,2022-10-09T14:41
-28.840764,-57.630154,2022-10-10T08:15
-28.850761,-57.729537,2022-10-10T07:53
-28.632617,-57.423168,2022-10-06T16:29
-28.677521,-57.487555,2022-10-17T15:10
-28.662921,-57.500661,2022-10-18T10:43
-28.405514,-56.832609,2022-09-11T20:21
-28.507432,-56.911438,2022-09-11T20:21
-28.420687,-56.860847,2022-09-11T20:20
-28.635662,-57.51812,2022-10-19T10:54
-28.473469,-56.963692,2022-09-11T20:20
-28.646722,-57.491104,2022-10-17T14:30
-28.714401,-57.466915,2022-10-18T10:42
-28.503765,-57.266772,2022-09-30T10:57
-28.631375,-57.215074,2022-09-25T17:49
-27.857718,-56.981542,2022-08-24T15:23
-28.417557,-57.316489,2022-08-28T08:29
-28.791903,-57.302261,2022-08-28T09:36
-28.463446,-57.365111,2022-08-28T09:17
-28.581617,-57.196069,2021-04-02T16:14
-26.107984,-58.141683,2022-06-07T17:04
-26.051299,-58.192452,2022-06-12T16:01
-26.176734,-58.163601,2022-06-07T16:37
-28.462098,-57.087544,2021-04-01T13:04
-28.485723,-57.197503,2021-04-01T13:04
-26.187494,-58.029636,2022-06-07T11:46
-28.435481,-57.193481,2021-04-01T13:04
-26.115673,-58.293974,2022-06-12T14:47
-28.440978,-57.002348,2021-04-01T13:04
-26.045633,-58.072448,2022-06-12T14:54
-28.585738,-57.29979,2022-07-06T09:57:24
-27.93439,-56.818365,2021-12-05T18:23
-27.962247,-56.817211,2021-12-05T18:16
-27.602335,-57.061613,2022-05-08T10:43
-28.530693,-57.025334,2022-01-16T16:17
-28.577283,-57.223768,2022-01-17T19:52
-28.538008,-57.186554,2021-11-05
-28.428907,-57.816998,2021-09-22
-27.857103,-56.904404,2021-12-05
-27.857103,-56.904404,2021-10-18
-28.428907,-57.816998,2021-07-07
-27.322355,-58.029037,2021-08-04
-26.742657,-58.756878,2021-10-09
-26.577608,-58.456673,2021-09-11
-28.687864,-57.411922,2021-04-02
-28.546251,-57.19647,2021-10-22
-26.588226,-58.443317,2021-12-26
-28.55558,-57.206112,2021-09-11
-26.542208,-58.504322,2021-10-09
-26.497541,-58.4632,2021-09-11
-27.857103,-56.904404,2020-01-31
-26.577602,-58.456608,2021-09-17
-28.664637,-57.35051,2021-04-02
-28.566837,-57.21859,2021-03-28
-28.593222,-57.247486,2021-08-05
-26.56317,-58.47379,2021-12-26
-27.857103,-56.904404,2021-01-28
-27.857103,-56.904404,2021-11-20
-28.389523,-57.888016,2021-08-07
-26.762104,-58.71055,2021-08-29
-28.593222,-57.247486,2021-01-06
-28.53552,-57.174225,2021-10-02
-27.570202,-57.2962,2021-10-10
-28.6553,-57.42455,2021-07-16
-28.675762,-57.37616,2021-04-12
-28.428907,-57.816998,2021-08-26
-28.502953,-57.088734,2021-12-28
-28.649166,-57.30722,2021-01-19
-27.772387,-57.276466,2021-08-14
-27.857103,-56.904404,2021-12-17
-28.552238,-57.2031,2021-03-18
-28.593222,-57.247486,2021-12-14
-28.55052,-57.20414,2021-09-16
-28.639894,-57.297245,2021-10-08
-28.428907,-57.816998,2021-10-31
-28.664112,-57.343723,2021-03-30
-28.538597,-57.34728,2021-12-03
-26.497541,-58.4632,2021-09-17
-27.857103,-56.904404,2021-04-07
-28.428907,-57.816998,2021-09-11
-28.580956,-57.233257,2021-11-03
-28.615206,-57.270947,2021-10-04
-28.428907,-57.816998,2021-09-19
-28.428907,-57.816998,2021-11-02
-28.53552,-57.174225,2021-10-09
-26.759491,-58.742256,2021-06-07
-27.857103,-56.904404,2021-11-30
-28.687027,-57.401665,2021-04-02
-26.710848,-58.761913,2021-06-07
-28.663233,-57.33572,2021-03-28
-28.593222,-57.247486,2021-01-09
-28.537859,-57.186424,2021-10-24
-28.649717,-57.352585,2021-12-29
-28.6779,-57.38234,2021-03-30
-29.031492,-57.783325,2021-08-05
-28.12793,-57.434677,2021-07-06
-26.733334,-58.76117,2021-06-21
-28.55621,-57.20904,2021-11-07
-27.874743,-57.39498,2021-05-08
-26.759491,-58.742256,2021-06-21
-29.10584,-57.910904,2021-04-04
-26.733334,-58.76117,2021-06-07
-27.857103,-56.904404,2021-01-27
-28.12793,-57.434677,2021-08-13
-31.2322,-58.4002,2021-12-26
-28.681509,-57.389214,2021-09-29
-28.573042,-57.225224,2021-09-22
-28.55558,-57.206112,2021-12-02
-28.6553,-57.42455,2021-09-22
-28.751368,-57.442493,2021-12-27
-28.53552,-57.174225,2021-10-26
-28.43503,-57.695297,2021-09-15
-26.72675,-58.686604,2021-08-29
-28.546143,-57.195694,2021-11-08
-27.823591,-56.84794,2021-10-25
-27.772387,-57.276466,2021-09-05
-27.624321,-57.34587,2021-08-13
-28.695139,-57.432446,2021-10-08
-28.669477,-57.372223,2021-10-08
-28.538597,-57.34728,2021-12-02
-28.686693,-57.47455,2021-10-08
-28.311768,-57.45676,2021-07-12
-28.2485,-57.4145,2021-07-09
-28.68813,-57.418694,2021-04-02
-28.680933,-57.386818,2021-04-02
-28.12793,-57.434677,2021-12-06
-28.428907,-57.816998,2021-09-06
-28.593222,-57.247486,2021-09-18
-27.857103,-56.904404,2021-10-27
-28.556768,-57.20786,2021-10-28
-28.65815,-57.31689,2021-10-07
-28.593222,-57.247486,2021-01-08
-28.551977,-57.21461,2021-07-24
-28.556889,-57.208363,2021-10-08
-28.311768,-57.45676,2021-07-11
-25.953548,-58.061863,2021-10-07
-27.85873,-56.906555,2021-07-09
-28.53552,-57.174225,2021-05-20
-26.707054,-58.337944,2021-08-15
-26.707054,-58.337944,2021-10-04
-28.543222,-57.207615,2021-06-02
-28.30648,-57.455566,2021-01-15
-28.668785,-57.368153,2021-04-02
-28.66308,-57.334404,2021-04-12
-28.53552,-57.174225,2021-05-02
-28.084097,-56.697693,2021-03-27
-28.490444,-57.197007,2021-11-19T17:07
-31.325812,-58.332018,2021-12-26T10:21
-28.748638,-57.289841,2021-11-22T15:31
-28.783997,-57.367628,2021-11-22T15:43
-28.596322,-57.375118,2021-11-07T10:25Z
-28.589105,-57.146043,2021-11-20T13:51
-28.524572,-57.388493,2021-11-07T10:24Z
-28.599243,-57.019306,2021-10-20T17:23
-28.094445,-57.485068,2021-07-23T09:55
-28.500924,-57.744798,2021-07-25T17:33
-28.032479,-57.563755,2021-07-23T11:32
-28.167807,-57.46239,2021-07-23T10:34
-28.095069,-57.41768,2021-07-23T11:30
-25.884304,-58.085148,2020-11-23
-28.901205,-57.61508,2020-12-05
-28.699884,-57.449776,2020-11-23
-26.567932,-58.468037,2020-12-05
-28.881882,-57.59973,2020-12-08
-28.901205,-57.61508,2020-12-08
-28.535786,-57.146145,2020-12-07
-27.857103,-56.904404,2020-08-09
-25.885664,-58.084522,2020-07-23
-27.857103,-56.904404,2020-10-18
-28.53552,-57.174225,2020-12-07
-28.795204,-57.311024,2020-06-14
-28.553886,-57.204422,2020-03-13
-28.53552,-57.174225,2020-05-25
-26.247334,-58.836,2020-10-17
-28.930275,-56.624382,2020-01-14
-28.713066,-57.464584,2020-02-25
-28.843576,-57.57175,2020-02-23
-28.660624,-57.32025,2020-01-18
-28.576054,-57.229206,2020-02-25
-28.881882,-57.59973,2020-12-05
-28.98532,-57.699165,2020-12-20
-27.857103,-56.904404,2020-11-01
-27.857103,-56.904404,2020-08-29
-27.795275,-57.64155,2020-06-26
-28.6553,-57.42455,2020-02-01
-28.53552,-57.174225,2020-01-10
-26.247334,-58.836,2020-05-09
-27.857103,-56.904404,2020-05-09
-28.53552,-57.174225,2020-03-03
-27.710318,-57.187614,2020-01-22
-26.56317,-58.47379,2020-01-22
-28.778776,-57.52804,2020-01-17
-28.843576,-57.57175,2020-02-25
-26.897427,-59.007473,2020-02-06
-28.593222,-57.247486,2020-02-04
-28.584273,-57.194162,2021-04-10T14:06
-28.590816,-57.022171,2021-04-10T13:23
-28.218669,-57.439686,2021-03-16T07:20:48
-28.386499,-57.496799,2021-01-15T12:57
-28.766211,-57.466131,2020-12-08T09:01
-28.48117,-56.851268,2020-12-07T10:29
-28.761063,-57.513725,2020-12-05T16:46
